,AppID,AppName,developer_name,genre,Rating,NumberOfDownloads,Price,Description
0,com.instagram.android,Instagram,Instagram,Social,3.9945736,"5,000,000,000+",0,"Little moments lead to big friendships. Share yours on Instagram. 
‚ÄîFrom Meta

Connect with friends, find other fans, and see what people around you are up to and into. Explore your interests and post what's going on, from your daily moments to life's highlights.

Share what you‚Äôre up to and into.
- Keep up with friends on the fly with Stories and Notes that disappear after 24 hours.
- Start group chats and share unfiltered moments with your Close Friends.
- Share memories from recent events or trips in Feed.
- Turn your life into a movie and discover short, entertaining videos on Instagram with Reels.
- Customize your posts with exclusive templates, music, stickers and filters

Dive into your interests.
- Watch videos from your favorite Creators and discover new content that‚Äôs personalized to your interests.
- Get inspired by photos and videos from new accounts in Explore.
- Discover brands and small businesses, and shop products that are relevant to your personal style.

Some Instagram features may not be available in your country or region.

Terms and Policies - https://help.instagram.com/581066165581870"
1,com.facebook.katana,Facebook,"Meta Platforms, Inc.",Social,3.5109792,"5,000,000,000+",0,"Whether you‚Äôre looking for a spark of inspiration with reels or want to dive deeper into something you already love with Marketplace or in groups, you can discover ideas, experiences and people that fuel your interests and help you make progress on the things that matter to you on Facebook.

Explore and expand your interests

* Shop for affordable and uncommon stuff on Marketplace and take your hobbies to the next level
* Personalize your Feed to see more of what you like, less of what you don‚Äôt
* Watch reels for quick entertainment that sparks inspiration
* Discover creators, small businesses and communities who can help you dive deeper into the things you care about

Connect with people and communities

* Join groups to learn tips and tricks from real people who‚Äôve been there, done that
* Catch up with friends, family and influencers through Feed and stories
* Share the things that matter to you with easy in-app access to your Messenger chats

Share your world

* Effortlessly create reels from trending templates, or let your creativity shine with a full suite of editing tools
* Customize your profile to choose how you show up and who you share your posts with
* Turn your hobby into a side hustle by becoming a creator or selling things on Marketplace
* Celebrate everyday, candid moments with stories, which disappear in 24 hours"
2,com.snapchat.android,Snapchat,Snap Inc,Communication,4.0732155,"1,000,000,000+",0,"Snapchat is a fast and fun way to share the moment with your friends and family üëª

SNAP 
‚Ä¢ Snapchat opens right to the Camera ‚Äî just tap to take a photo, or press and hold for video.
‚Ä¢ Express yourself with Lenses, Filters, Bitmoji and more! 
‚Ä¢ Try out new Lenses daily created by the Snapchat community!

CHAT 
‚Ä¢ Stay in touch with friends through live messaging, or share your day with Group Stories.
‚Ä¢ Video Chat with up to 16 friends at once ‚Äî you can even use Lenses and Filters when chatting!
‚Ä¢ Express yourself with Friendmojis ‚Äî exclusive Bitmoji made just for you and a friend.

STORIES
‚Ä¢ Watch friends' Stories to see their day unfold.
‚Ä¢ See Stories from the Snapchat community that are based on your interests.
‚Ä¢ Discover breaking news and exclusive Original Shows.

SPOTLIGHT
‚Ä¢ Spotlight showcases the best of Snapchat!
‚Ä¢ Submit your own Snaps or sit back, relax, and watch.
‚Ä¢ Pick your favorites and share them with friends.

MAP 
‚Ä¢ Share your location with your best friends or go off the grid with Ghost Mode.
‚Ä¢ See what your friends are up to on your most personal map when they share their location with you. 
‚Ä¢ Explore live Stories from the community nearby or across the world!

MEMORIES 
‚Ä¢ Save unlimited photos and videos of all your favorite moments.
‚Ä¢ Edit and send old moments to friends or save them to your Camera Roll.
‚Ä¢ Create Stories from your favorite Memories to share with friends and family.

FRIENDSHIP PROFILE 
‚Ä¢ Every friendship has its own special profile to see the moments you‚Äôve saved together.
‚Ä¢ Discover new things you have in common with Charms ‚Äî see how long you‚Äôve been friends, your astrological compatibility, your Bitmoji fashion sense, and more!
‚Ä¢ Friendship Profiles are just between you and a friend, so you can bond over what makes your friendship special.

Happy Snapping!

‚Ä¢ ‚Ä¢ ‚Ä¢

Please note: Snapchatters can always capture or save your messages by taking a screenshot, using a camera, or otherwise. Be mindful of what you Snap!

For a full description of our privacy practices, please see our Privacy Center."
3,com.twitter.android,X,X Corp.,Social,3.8260806,"1,000,000,000+",0,"The X app is the trusted global digital town square for everyone.

With X, you can:

- Post content for the world to see and join public conversations
- Stay up to date on breaking news and follow your interests
- Stay better informed with extra context from Community Notes
- Go live with Spaces for audio or stream live video
- Communicate privately with Direct Messages
- Subscribe to X Premium to expand your reach, get a blue checkmark, and more
- Earn a living creating exclusive content for your paid subscribers and share in the ad revenue generated in replies to your posts
- Create and join Communities around topics and interests, from sports to music to technology
- Upload and watch videos up to 3 hours in length
- Write and read long form posts like essays and blogs
- Connect directly with your customers to help your business grow"
4,com.zhiliaoapp.musically,TikTok,TikTok Pte. Ltd.,Social,4.301296,"1,000,000,000+",0,"TikTok is THE destination for mobile videos. On TikTok, short-form videos are exciting, spontaneous, and genuine. Whether you‚Äôre a sports fanatic, a pet enthusiast, or just looking for a laugh, there‚Äôs something for everyone on TikTok. All you have to do is watch, engage with what you like, skip what you don‚Äôt, and you‚Äôll find an endless stream of short videos that feel personalized just for you. From your morning coffee to your afternoon errands, TikTok has the videos that are guaranteed to make your day.

We make it easy for you to discover and create your own original videos by providing easy-to-use tools to view and capture your daily moments. Take your videos to the next level with special effects, filters, music, and more. 

‚ñ† Watch endless amount of videos customized specifically for you
A personalized video feed based on what you watch, like, and share. TikTok offers you real, interesting, and fun videos that will make your day.
 
‚ñ† Explore videos, just one scroll away
Watch all types of videos, from Comedy, Gaming, DIY, Food, Sports, Memes, and Pets, to Oddly Satisfying, ASMR, and everything in between.
 
‚ñ† Pause recording multiple times in one video
Pause and resume your video with just a tap. Shoot as many times as you need.
 
‚ñ† Be entertained and inspired by a global community of creators
Millions of creators are on TikTok showcasing their incredible skills and everyday life. Let yourself be inspired.

‚ñ† Add your favorite music or sound to your videos for free
Easily edit your videos with millions of free music clips and sounds. We curate music and sound playlists for you with the hottest tracks in every genre, including Hip Hop, Edm, Pop, Rock, Rap, and Country, and the most viral original sounds.

‚ñ† Express yourself with creative effects
Unlock tons of filters, effects, and AR objects to take your videos to the next level.

‚ñ† Edit your own videos 
Our integrated editing tools allow you to easily trim, cut, merge and duplicate video clips without leaving the app.

* Any feedback? Contact us at https://www.tiktok.com/legal/report/feedback or tweet us @tiktok_us"
5,com.facebook.lite,Facebook Lite,"Meta Platforms, Inc.",Social,3.4183478,"1,000,000,000+",0,"Keeping up with friends is faster and easier than ever with the Facebook Lite app! Use Facebook Lite as a friends app to connect and keep up with your social network. The Facebook Lite app is small, allowing you to save space on your phone and use Facebook in 2G conditions. Many of the classic features of Facebook are available on the app, such as sharing to a Timeline, liking photos, searching for people, and editing your profile and groups. Specific features include:
 
 ‚Ä¢ Find friends and family
 ‚Ä¢ Post status updates & use Facebook emoji to help relay what‚Äôs going on in your world
 ‚Ä¢ Share photos and your favorite memes
 ‚Ä¢ Get notified when friends like and comment on your posts
 ‚Ä¢ Find local social events, RSVP, and make plans to meet up with friends
 ‚Ä¢ Interact with your friends by adding your own comments or reactions to their Facebook posts
 ‚Ä¢ Save photos by adding them to photo albums
 ‚Ä¢ Follow people to get their latest news
 ‚Ä¢ Look up local businesses to see reviews, operation hours, and pictures
 ‚Ä¢ Buy and sell locally on Facebook Marketplace
 
The Facebook app does more than help you stay connected with your friends and interests. It's also your personal organizer for storing, saving and sharing photos. It's easy to share photos straight from your Android camera, and you have full control over your photos and privacy settings. You can choose when to keep individual photos private or even set up a secret photo album to control who sees it.
 
Facebook Lite also helps you keep up with the latest news and current events around the world. Subscribe to your favorite celebrities, brands, websites, artists, or sports teams to follow their News Feeds from the convenience of your Facebook Lite app!


Problems with downloading or installing the app? See https://www.facebook.com/help/fblite 
Still need help? Please tell us more about the issue: https://www.facebook.com/help/contact/640732869364975
Facebook is only available to people aged 13 and over.
Terms of Service: http://m.facebook.com/terms.php"
6,com.linkedin.android,LinkedIn: Jobs & Business News,LinkedIn,Business,4.184852,"1,000,000,000+",0,"Welcome professionals! The key to getting in is getting started. Begin your career journey with LinkedIn today. Are you searching for the right job opportunities to advance your career? LinkedIn is one of the largest social networking apps for online job searches that also provides content that can help you grow. 

Build your resume, nurture your professional relationships, connect with recruiters, and apply for your next job. You can establish job alerts for local or remote positions, expand your network of business contacts, stay informed about the latest industry news, read articles, and stay up-to-date with companies and industry leaders to enhance your workplace and career- builder experience.

Get business insights before you apply for the job, including company information and job responsibilities. Then quickly and safely apply to any position through the LinkedIn app with your resume or professional profile.

Why You‚Äôll Love the LinkedIn App:
- Job search and recruiting: Research companies you‚Äôre interested in and find positions suited to your skills, then apply to a new job with your LinkedIn profile or resume.
- Resume builder: Create your online resume, showcase your experiences, and highlight your skills to enhance your career opportunities.
- Business news: Get relevant news delivered to you and join the conversation.
- Professional network: Create your profile, update your resume online, and make connections.

LinkedIn App Features:

JOB SEARCH
‚Ä¢ Find jobs and connections through your LinkedIn network.
‚Ä¢ Search for opportunities and set up job alerts for companies that are currently hiring.
‚Ä¢ Job openings: Submit job applications across a wide range of professions and secure interviews for your dream job.
‚Ä¢ Find local jobs in your area or online opportunities that let you work from home.
‚Ä¢ Job App: Easily apply for jobs and set up job alerts for any full-time or part-time jobs you might be interested in.

BUSINESS NEWS AND INSIGHTS
‚Ä¢ Stay up-to-date by following business news and company content from related industries.
‚Ä¢ See what your connections are saying in posts and conversations.
‚Ä¢ Share articles and newsworthy topics with your LinkedIn community and business contacts.

SOCIAL NETWORKING
‚Ä¢ Utilize LinkedIn's profile-building tools to enhance your connections and expand your social network for career growth.
‚Ä¢ Connect with members from across the globe on the world's largest social network.

BUILD YOUR BUSINESS COMMUNITY
‚Ä¢ Easily find groups or communities that share your interests on LinkedIn.
‚Ä¢ Network on the go: Connect with new contacts and industry experts.
‚Ä¢ Follow companies, top voices, and professionals.
‚Ä¢ Social networking for businesses: Gain new opportunities through showcasing your company or product.

RESUME AND PROFILE
‚Ä¢ Job finder: Apply for jobs using your LinkedIn profile.
‚Ä¢ Social network: Build your professional profile and make business connections.
‚Ä¢ Resume: Create your online CV and use it as a resume for job applications.

Whether you're seeking new job opportunities, aiming to expand your business network, or staying updated on the latest business news and industry buzz, LinkedIn has you covered.

Want to make the most of LinkedIn? Upgrade to a Premium subscription for exclusive tools.

We ask for a few permissions when you use this app. Here‚Äôs why: http://linkd.in/1l0S8Y

-

LinkedIn members have the option to verify their identity by securely uploading a government ID and/or taking a live selfie using certain trusted partners. For more information about the data collected by our trusted partners through this process and the periods for which it will be retained, see: https://www.linkedin.com/help/linkedin/answer/a1359065"
7,com.pinterest,Pinterest,Pinterest,Lifestyle,4.5424266,"500,000,000+",0,"Dive inside a world of endless inspiration and discover more of what you love on Pinterest. From fresh ideas for your outdoor home oasis üè° to every-season nailscapes üíÖ to curated fashion recommendations üëõ, explore billions of Pins from around the world and create a life you love ‚ú® 

Discover new ideas every day üí°

Bring your next great idea to life with Pinterest. Whether you‚Äôre dreaming up a new home DIY project, looking for decorative ideas to spruce up your office or searching for tattoo design inspiration, Pinterest is full of images and videos to help make your ideas happen.  

Save, organize and share your Pins üìå 

 - Stumble upon something you love? Save your favorite ideas so they‚Äôre easy to find.

 - Starting a creative collection? Organize Pins into stylistic theme boards you can come back to whenever creativity calls. 

 - Found the perfect Pin for a friend? Send it to someone you know or share it in a message to pass the inspiration around.

 - Got your own ideas? Upload images straight to the Pinterest app and create your own Pins.

Shopping inspired by you üõçÔ∏è

 - Browse through a daily discovery feed that‚Äôs full of your favorite things.

 - Connect with the stores and innovators that speak to your aesthetic. 

 - Shop for the perfect house plant, unique fashion pieces, your dream kitchenware or whatever you‚Äôre into.
 
 - Go straight from your feed to store checkout in just a few taps. 

Daily DIY tutorials ‚ñ∂Ô∏è

 - Discover quick video tutorials in your feed and learn something new every day.

 - Organize videos into beautiful boards and save ideas for future projects.

 - Get inspiration for DIY home improvement projects, makeup tutorials, delicious dinner recipes, fashion tips and so much more. 

Bring your dream home to life üè†

 - Discover new home decor ideas to inspire your next DIY project. 

 - Learn how to transform your home space with stunning design ideas and innovative storage solutions. 

 - Click through Pins and see where to shop for the perfect products to complete your home DIY project,
 
 - Keep up with the latest interior design trends and follow leading designers. 

Tattoo inspiration üé®

 - Traditional, stick and poke, micro, realistic portraits‚Äîfind ideas for your next tattoo project on Pinterest.

 - Follow famous tattoo artists and discover new styles.

 - Share your tattoo ideas with friends and family. 

A worldwide creative community üåé

 - Connect with other creators and take inspiration from every corner of the world.
 
 - Use the search bar to find a person or business that inspires you and discover all the ideas they create‚Äî from tattoo artists, graphic design experts, celebrity chefs and more. 

 - Invite other people on Pinterest to collaborate on group boards and grow your creative network.

Try Pinterest for business üë©‚Äçüíª 

 - From everyday content creators to major brands, businesses on Pinterest are here to set up shop and engage with customers. 

 - Sync information from your website to image and video Pins to give customers more info about your products.

 - Let customers save Pins or boards directly from your site to the Pinterest app.

 - Create image and video Pins to show the world what you‚Äôre about and stand out from other brands 

Terms & Conditions: Your use of this application is governed by the Pinterest General Terms of Use https://policy.pinterest.com/en/terms-of-service and the Pinterest Privacy Policy https://policy.pinterest.com/en/privacy-policy."
8,video.like,Likee - Short Video Community,Likeme Pte. Ltd.,Social,4.4096904,"500,000,000+",0,"Likee is a free original short video making and sharing platform worldwide with excellent live streams. Likee brings short videos, video effects and live streams into one easy-to-use application. With the powerful personalized feed and video effects, you can easily find viral videos, capture flawless videos, watch and go live stream. It‚Äôs time to express yourself, show your talents in live broadcasts, explore and connect with the content you love on Likee.

We have over 100 million users all around the world. More and more people choose Likee for fun, self-expression and friends making. Download and join Likee to discover a bigger world!

<b>Why Likee?</b>

<b>A Popular Special Effects Short Video Maker and Editor</b>
Various video effects, face filters and editing tools on Likee to help you make cool videos with little effort. 
 
- SuperMix: enhance videos with cool special effects like Face Morph, Astral Travel, Face Cut and MV and more! A photo is all you need to make professional and fantastic videos.  
- Stickers & Music Magic: Customize your videos with various funny stickers, greetings, quotes, colorful hairs and cute emoji. 
- Beauty Camera &Video Filter: Change video backgrounds with video filters. Unlock bunch of video effects like sketch, glitch, vintage, montage and much more! Try different makeups styles in seconds with beauty camera!

<b>A Global Live Stream and Friends Making Community</b>
Millions of talented bloggers, vloggers and video creators like you have already joined Likee! Follow the creators you like, let's chat and make friends. In Likee, you can say hello to strangers by voice chat and video chat. Likee can be a chatting app. 

‚Ä¢ Go Live, Receive Gifts and Gain Fans
Go Live on Likee to express yourself to the world. Live stream your life and engage with your audience. Show your talents, boost your fan base and receive gifts. You might just be Likee's next Internet Sensation!

‚Ä¢ Watch Live Stream Anytime and Anywhere
Discover countless talented hosts from around the world. Watch Live streams, chat with hosts, and support your favorite hosts by sending gifts. Special features such as LIVE PK, fan club and tournament of Likee Live await you! 


<b>Viral Videos and Creative Contents all around the World</b>
Choose from a great variety of videos, including music, dance, makeup, drawing, DIY, news, movies and everything in between! Powered by the personalized feed based on what you watch, like and share, Likee will offer more of those you like and less of those you don‚Äôt. Those videos are like the snacks of daily life. You can also select hot songs for your videos, such as tik tik, tik tak, tiki tiki in our online music base, or even your local music like tik tok.

<b>An easy-to-use live wallpaper maker </b>
Official wallpaper feature launched on Likee. Discover types of videos you like, set Likee videos as wallpaper in the most convenient way:
1. Download Likee Wallpaper
2. Find any video you like in Likee
3.Quickly set the video as wallpaper for your phone for free
4. HD wallpaper video effective immediately!
Customized your screen background now, explore extensive catalog of quality live wallpapers for all tastes on LikeeÔºÅ

On Likee, you can quickly grow your knowledge, get life hacks, laugh with other Likers and keep up with the trend! 
All Likers are real, creative and full of passion just like you. Every day, millions of Likee users, including many world celebrities, Internet stars from YouTube, TikTok and instagram, spend their live broadcasts here, publish videos with music and play games such as pubg, ff,ml and so on. 

<b>Connect us</b>
Instagram : likee_official_global
facebook : @likeeappofficial"
9,sg.bigo.live,Bigo Live - Live Streaming App,Bigo Technology Pte. Ltd.,Social,4.4212074,"500,000,000+",0,"What is BIGO LIVE? A popular global free live stream app and platform! 

Watch great live streams, enjoy live game streaming, live chat with people worldwide, or go live to become a social media influencer ... BIGO LIVE has over 400 million users around the world now. And we invite you to join our warm community!

<b>Why is BIGO LIVE?</b>

<b>Watch Live Stream</b>
Millions of talented broadcasters, dancers, singers, foodies, comedians live-stream in BIGO LIVE. Watch 24/7 great live streams, such as live gaming, live music, and live chatting, similar to Periscope.

Are you interested in live chat with people from all over the world? We support 150+ countries, such as Canada, Great Britain, Japan, and more.

<b>Live Video Chat</b>
You can invite a friend to start a 1:1 live video chat or create a live chat room with up to 9 people.

Don't want to show your face? Live voice chat would be your perfect choice. Speak out freely in live chat without any burden, similar to Periscope.

<b>Live Voice Chat</b>
The space for casual, drop-in audio conversations‚Äîwith friends and other interesting people around the world.

Go online anytime to chat with the people, or hop in as a listener and hear what others are talking about.

<b>Live Game Streaming</b>
Watch gamers play Minecraft, Among Us, Fortnite, PUBG, FIFA 18, League of Legends, and much more. 
Talk Fortnite strategy with fellow gamers or content yourself with live streaming in silence.

Want to live your own gaming content? Download and start your gaming channel now!

<b>Go Live</b>
No matter Just chatting or showing talent, you will get support, gain fans, receive gifts, and make friends here. How about going live and becoming a social media influencer right now? Tons of cool filters and stickers are waiting for your choice, similar to Periscope.

<b>Other Features</b>
- Live PK: It‚Äôs time to dare your friends!
- Cute Pet: Raise a cute pet online.
- Bar: Share updates and photos, engage with friends.

Do not hesitate! Download right now and get more fun!


<b>GUIDE TO APP PERMISSIONS</b>
- Required Permissions
None.

- Optional Permissions
Location: this is the permission to find broadcasters nearby.
Camera and Microphone: this is the permission to go live.
Phone: this is the permission to check device status.

- How to change permissions?
Permissions can be changed in Settings > BIGO LIVE.

* Even if you don't agree with the optional permissions, you can use our service except for functions related to those permissions.
* If you don't agree with the optional permissions, it may be difficult to use some of our functions properly.


<b>SAY HELLO:</b>

Instagram: https://www.instagram.com/bigoliveapp

Facebook: https://www.facebook.com/bigoliveapp

Twitter: https://twitter.com/BIGOLIVEapp

YouTube: https://www.youtube.com/bigoliveofficial

Any feedback? Please contact us at feedback@bigo.tv"
10,com.reddit.frontpage,Reddit,reddit Inc.,Social,2.9559784,"100,000,000+",0,"<b>Welcome to Reddit, the heart of the internet.</b>

Reddit is a social network with something for everyone: trending topics, diverse discussions, and engaging communities and comment threads.

Redditors have authentic and interesting conversations around all sorts of curated content. You‚Äôll find gaming communities, bloggers, meme-makers, fandoms, travel enthusiasts, support groups, AI forums, news junkies, artists, and creators of all types.

Reddit has over 100,000 online communities (forums where members post and comment) dedicated to specific topics. Some of the most popular communities are:
‚ñ† r/AskReddit, where users can ask and answer questions
‚ñ† r/funny, which is full of humorous content
‚ñ† r/science, for scientific discussions and news
‚ñ† r/gifs, with funny animated gifs for your viewing pleasure

<b>On Reddit you‚Äôll find:</b>
‚ñ† Thousands of community groups
Breaking news, social media trends, sports highlights, TV fan theories, open AI discussions and personalized content, there's a community for everyone.

‚ñ† Loads of laughs
Find memes, oddly satisfying videos, funny cat videos, and more to help you lose track of time.

‚ñ† AMAs, or ""Ask Me Anything""
Celebrities, politicians, and experts answer questions from users.

‚ñ† The best discussions on any topic
Reddit‚Äôs discussion threads are where community members jump in with humor and insights for just about anything; pop culture, sports, entertainment, or financial advice.

‚ñ† Get answers to anonymous questions 
Ask communities anything you want. Ask questions on relationships, mental health, parenting, career help, fitness plans, and more.

‚ñ† Anonymous profiles so you can do YOU
Connect with people about any topic, join interactive community groups or threads, and chat with other redditors, all anonymously.

<b>Voting and Karma:</b>

Instead of likes and hearts, Reddit‚Äôs social network runs on upvotes or downvotes. Voting on posts and comments increase or decrease the creator‚Äôs karma, and helps popular and relevant posts rise to the top, while filtering out low-quality or irrelevant posts.

While karma doesn't directly impact your ability to use Reddit, more karma can increase posts‚Äô visibility and help you get noticed. Some communities require karma to post or comment, which helps prevent spam or low-quality content.

<b>Reddit Premium:</b>

Purchase Reddit Premium to enjoy an ads-free experience and access to premium avatar gear, r/lounge, custom app icons, and more.

Payment will be charged on a recurring monthly or annual basis to your Google Play account. Your monthly or annual Premium subscription will automatically renew unless you cancel at least 24 hours before your subscription ends. Cancel anytime in your device‚Äôs Account Settings. No partial refunds.

Privacy Policy: https://www.redditinc.com/policies/privacy-policy 
User Agreement: https://www.redditinc.com/policies/user-agreement 
Content Policy: https://www.redditinc.com/policies/content-policy 

If you have any problems with the app, get support at RedditHelp.com"
11,com.vkontakte.android,"VK: music, video, messenger",VK.com,Social,3.7151692,"100,000,000+",0,"VKontakte unites tens of millions of people by offering unlimited features for communication, entertainment, business and sharing news from anywhere around the world. On the app, you can listen to music, watch videos and clips, keep track of your health, play games, and shop.

Stay in touch with friends and family. In the messenger, you can chat in group chats and private messages with both friends on VKontakte and people from your phone‚Äôs contacts. Bring together an unlimited number of people in video calls, all for free with no time limits.

VKontakte has social media solutions for a wide variety everyday situations:

- Discover everything one of the largest social networks in the world has to offer. Meet new friends and join online communities. Stay close with faraway friends using the messenger and VK Calls.
- Listen to the music you love and easily find your new favorite songs thanks to personalized recommendations.
- Watch and create VK Clips, short vertical videos covering a wide range of themes.
- Enjoy live streams, share pictures, play games, and read interesting news in thematic feeds.
- Learn something new in podcasts and upload your own.
- Keep track of your health and stay in shape. You can also compete with friends to see who can take the most steps per day, thanks to integration with your device. Take a long walk and make your way to the top of the leaderboard!

Terms of Service: vk.com/terms
Privacy Policy: vk.com/privacy"
12,tv.twitch.android.app,Twitch: Live Game Streaming,"Twitch Interactive, Inc.",Entertainment,4.38797,"100,000,000+",0,"Twitch is where thousands of communities come together for our favorite streamers, for the games we love, for the lulz, for each other, for whatever. Download Twitch and join millions enjoying live games, music, sports, esports, podcasts, cooking shows, IRL streams, and whatever else crosses our community‚Äôs wonderfully absurd minds. We‚Äôll see you in chat.

Here‚Äôs a convenient list of other awesome things about Twitch:

Everyone is ‚Äúabout‚Äù community. We actually are one: Whatever you nerd out about, you can find your people on Twitch. 
Give support, get support: Find new streamers and subscribe to your favorites. Plus,  unlock exclusive perks for your support. 
Start your own channel: The Twitch app is one of the easiest ways to start streaming. Just create an account, go live directly from the app, and bring people together around whatever you‚Äôre passionate about. 
You never know what you‚Äôll find: Popular games are always live, but so are music festivals, rocket launches, street tours of Tokyo, and goat yoga. Yes, really. 
Dark mode: Y‚Äôall love this one. Black and purple have never looked this good together.

Twitch's Terms of Service are available at https://www.twitch.tv/p/legal/terms-of-service/
For feedback and assistance, please visit our Support Center: https://help.twitch.tv
 
Please note: This app features Nielsen‚Äôs proprietary measurement software which contributes to market research, like Nielsen‚Äôs TV Ratings. Please see http://priv-policy.imrworldwide.com/priv/mobile/us/en/optout.html for more information"
13,com.tumblr,"Tumblr‚ÄîFandom, Art, Chaos","Tumblr, Inc",Social,4.1069083,"100,000,000+",0,"Tumblr: home to your new favorite artist. Come for the effervescent digital paintings in every flavor of fandom. Stay for the breathtaking original offerings of those same artists. And, in between all the art: Old internet energy. All the fandoms you could wish for. Enough memes to knock out a moderately-sized mammal. Add to it or simply scroll through and soak it up.

Every piece of life-changing art you discover,  every waterfall GIF you gaze at in wonder, every quote you reblog, every tag you curate‚Äîthat‚Äôs all you. Reblog them to show the world who you are, what you love. You‚Äôre the explorer. We‚Äôre just a map you all keep on making. Welcome home. Make it yours.

If you‚Äôre an artist, you‚Äôre coming in hot to a community that will love your work. Think of this as your online studio with many options: A portfolio, your calling card for your creations with in-built social engagement and community, or an online drawing board, a place to hash out ideas, share sketches, and gather feedback. Take requests and commissions or join art challenges like Goblin Week, Mermay, Julycanthropy, and Yeehawgust. Discuss the finer points of your favorite brushes. Create OC art for your favorite writers on Tumblr. Sell prints (coasters! mugs! tchotchkes!) of your work‚Äîto an audience invested in you and actively seeking these things via our Artist Alley. Create a webcomic (have you heard of Heartstopper? Started here.)

Now picture all of the above, but on the go. That‚Äôs what this is.

-

Chances are if you‚Äôve seen it elsewhere, it probably started here. That digital painting you can‚Äôt stop thinking about. That text post explaining the exquisite specifics of something you never realized you needed to know. Your dashboard will become a tapestry of all the wonderful, nonsensical, fantastical things you like. Whether you post, lurk in likes, or reblog to your personal online fridge. Whatever your community, you‚Äôll find a ready-made home here. 

When you have something to say‚Äîa hot take on the finer points of a Virgo moon, Barbie fanfic, an image of your turtle Harold that you simply *have* to share with the world: Shoot your shot with a photo, a video, or a text post. Make an audio post of your ramblings or share your current favorite song via Spotify. We even have a pre-set chat post for all your incorrect quotes. 

The reblog starts conversations for everyone, creates jokes, and continues them‚Äîsometimes across the world and over the years. Time and space, right here at your very fingertips. Whatever you choose to send into our effervescent digital ether, know that it can, and will, go anywhere. (Unless, of course, you use our post-level reblog controls. Private blog? Private post? All possible here).

Tumblr is the home of fandom. We‚Äôve all got that one special blorbo from our shows. There‚Äôs fanart you‚Äôll want to stare at, reblog, stare at again‚Äîor create yourself, and share with the community. You can read your favorite ficcers from ao3 *and* see their OC art on Tumblr *and* discuss the finer points of lore with them. Pok√©mon? Got it. Marvel? Here. Kpop? Check. Supernatural? Of course. Minecraft? Ready and waiting. Star Wars? Yes! Doctor Who? Doctor YOU! You get the idea: it‚Äôs all here. 

It‚Äôs a whole universe out here. If the prospect of creating, reblogging, shipping, and curating feels a little daunting, head over to tips.tumblr.com, where Cat Frazier of animatedtext.tumblr.com will take you through the finer points of Tumblr etiquette‚Äîthe effervescent, the eeby, the deeby.

So. Sign up, fall in love with some art, follow some tags, and find your place on the dashboard. Then reblog, like, and post to your heart‚Äôs content. Or simply drift through the dream you‚Äôve created for yourself‚Äîyou hold the keys to this kingdom.

Twitter: https://twitter.com/tumblr/

Instagram: https://www.instagram.com/tumblr/

Terms of Service: https://www.tumblr.com/policy/terms-of-service"
14,me.zepeto.main,"ZEPETO: Avatar, Connect & Play",Naver Z Corporation,Entertainment,4.2815986,"100,000,000+",0,"Play the Universe. ZEPETO.

Welcome to ZEPETO, a place where virtually anything is possible!

[Explore Worlds]
Thousands of virtual worlds to play together with friends.
From K-pop and music to fashion, anime and role-play, there's something for everyone.

[Community of Friends]
The metaverse is at your fingertips - experience it anywhere, anytime on your mobile device.
Meet new people all over the world with the same interests as you, and stay connected in chat and feed. Join thousands tuning in to avatar livestreams real-time.

[Customize Your Avatar]
Style your avatar any way you want, bringing another you to life.
Choose from an infinite amount of the trendiest clothes, hair styles, accessories, makeup and more. Dress up your character with user-made items, well-known brands, and luxury styles!

[Become a Creator]
Don't see something you like in our shop? Bring your creativity to life by designing and selling new fashion or lifestyle items yourself in ZEPETO Studio!
Or build your own games and worlds for other users to play.

[New Social Content Daily]
New photos, videos, trends and events to experience everyday ‚Äì including top brand, artist, and influencer collaborations.
Join the latest social challenges ‚Äì create your own content for the chance to be featured or win prizes!

[Join ZEPETO Premium]
Join our premium membership program to receive special benefits like priority review for created items, 70 monthly ZEM credits, exclusive items and more."
15,com.sgiggle.production,"Tango- Live Stream, Video Chat",Tango,Social,4.437129,"100,000,000+",0,"‚ùÑÔ∏è <font color=""‚ÄùPurple‚Äù""><b>Join the Holiday Spirit with Tango Livestreams!</b></font> ‚ùÑÔ∏è
From festive music performances to heartwarming holiday stories, Tango‚Äôs livestreams will get you in the holiday spirit. Tune in to watch talented Creators spread joy and cheer this season.
With over 400 million users worldwide, Tango is the perfect place to <b><font color=""‚ÄùPurple‚Äù"">make new friends, share holiday greetings, and celebrate the season</font></b> with people from around the globe! üåè 

Through streaming, you can make real friends, chat with your favorite creators using our real-time video chat, and join the new wave of social communication.


Explore, watch, chat, go live, and use our live video-show streams to create real connections and build your community.

It‚Äôs the best place to make new friends from all over the world and start conversations with amazing new members!

Sing, Talk, & Stream with your favorite music, and interact with other creators in the community during shared streaming.

‚ñ† Discover
Content created for you, and show your support to talented creators by watching their incredible streams! 
Tango is where communities are formed - THE place to make new friends. 

‚ñ†Enjoy
Tango‚Äôs instant translation feature enables you to communicate easily with people from other cultures and locations and see what it's like to be a part of a real global village! 

 ‚ñ† NOW is your moment to go live, join the biggest community and watch multiple broadcasters at your fingertips.

‚ñ† Live Stream Your special moments, discover content you‚Äôll love, and go on live video chat with your favorite broadcaster! 
Receive gifts to become a social media influencer on Tango.

Become a Tango Creator to join the fun and the excitement! Make friends and build real connections with your community, fans, and broadcasters.

Watch, chat, and support your favorites with AR and 3D gifts they‚Äôll love.

We bring the streaming experience to the edge and make it an adventure with one easy-to-use app and powerful personalized feeds, effects, and unique gifts you can easily send and receive.

It‚Äôs time to express yourself, show your talents in broadcasts, and explore and connect with our live-streaming community 24/7.

Any Feedback?
Contact us <a href=""http://www.google.com/url?q=http%3A%2F%2Fsupport%40tango.me&sa=D&sntz=1&usg=AOvVaw3MdWO_ENuX7RyqxOsRgQi0"" target=""_blank"">support@tango.me</a>"
16,com.instagram.barcelona,"Threads, an Instagram app",Instagram,Social,3.062275,"100,000,000+",0,"Say more with Threads ‚Äî Instagram‚Äôs text-based conversation app.

Threads is where communities come together to discuss everything from the topics you care about today to what‚Äôll be trending tomorrow. Whatever it is you‚Äôre interested in, you can follow and connect directly with your favorite creators and others who love the same things ‚Äî or build a loyal following of your own to share your ideas, opinions and creativity with the world.

A few things you can do on Threads‚Ä¶

‚ñ† Access your Instagram followers
Your Instagram username and verification badge are reserved for you. Automatically follow the same accounts you follow on Instagram in a few taps, and discover new accounts too.

‚ñ† Share your point of view
Spin up a new thread to express what's on your mind. This is your space to be yourself, and you control who can reply.

‚ñ† Connect with friends and your favorite creators
Jump to the replies to get in on the action and react to commentary, humor and insight from the creators you know and love. Find your community and connect with people who care about whatever it is you‚Äôre interested in.

‚ñ† Control the conversation
Customize your settings and use controls to manage who can see your content, reply to your threads, or mention you. Accounts you‚Äôve blocked will carry over from Instagram, and we‚Äôre enforcing the same Community Guidelines to help ensure everyone interacts safely and authentically. 

‚ñ† Find ideas and inspiration
From TV recommendations to career advice, get answers to your questions or learn something new from crowd-sourced conversations, thought leaders and industry experts.

‚ñ† Never miss a moment
Stay on top of the latest trends and live events. Whether it‚Äôs about new music, movie premieres, sports, games, TV shows, fashion, or the latest product releases, find discussions and receive notifications any time your favorite profiles start a new thread.

‚ñ† Open social networking ‚Äì coming soon
In the future, there will be ways to discover more content and reach wider audiences: we are planning features that allow you to search for, follow and interact with users on open, interoperable social networks that we believe can shape the future of the internet.

Meta Terms: https://www.facebook.com/terms.php
Threads Supplemental Terms: https://help.instagram.com/769983657850450
Meta Privacy Policy: https://privacycenter.instagram.com/policy
Threads Supplemental Privacy Policy: https://help.instagram.com/515230437301944
Instagram Community Guidelines: https://help.instagram.com/477434105621119"
17,ru.ok.android,OK: Social Network,Odnoklassniki Ltd,Social,4.10559,"100,000,000+",0,"Odnoklassniki is a social network with millions of users around the world. In OK you can call friends, livestream, send stickers and gifts, find new friends in groups and share moments. Have fun listening to music, watching videos and playing games!

HOBBIES
‚Äî Cooking, DIY, gardening, traveling, fishing, fashion, cars and pets -  find all the most interesting things about your hobby in OK;
‚Äî Watch thousands of videos about your favorite topic;
‚Äî Haven‚Äôt found your hobby? Use the search bar, OK has millions of interesting posts.
 
MOMENTS
‚Äî Share your moments! Post photos and videos that will disappear after 24 hours;
‚Äî Use frames, stickers and animated texts to make your moments look even better;
‚Äî Add any links to the moments.

COMMUNICATION
‚Äî Free audio and video calls with up to 100 participants;
‚Äî Congratulate friends and family, choose postcards and gifts for any holiday;
‚Äî Meet new people using the video dating service.

GROUPS
‚Äî From cooking to fishing! Join communities of interest or create your own group;
‚Äî Millions of proven tips from users for all occasions;
‚Äî Find jokes and entertainment in OK groups.

SERVICES and APPS
‚Äî Weather, TV program and Horoscope - find your favorite app;
‚Äî Public services and mobile payments to make your life easier;
‚Äî Business profiles with statistics, an advertising account and virtual telephony.

MUSIC
‚Äî A huge collection of songs, from new releases to favorite hits;
‚Äî Add songs to playlists or share it in the status on your page;
‚Äî Subscribe to Music to listen to songs in the background and download songs to the OK app.

VIDEO
‚Äî Watch concerts, popular shows and TV series;
‚Äî Sports broadcasts to cheer for your favorite teams;
‚Äî Live broadcasts to tell the world about yourself!

EASY REGISTRATION AND LOGIN
‚Äî Simple and fast registration;
‚Äî You can use other social networks to sign in;
‚Äî Lost access to your profile? It's easy to recover it via phone, email, or even face and gesture recognition.

Contact OK Support Team for any feedback: https://ok.ru/help. We will be glad to help you!"
18,in.mohalla.sharechat,ShareChat Trends Videos & Live,ShareChat,Social,4.1979165,"100,000,000+",0,"Experience the best of Bollywood, hilarious jokes, heartwarming shayaris, and trending videos with ShareChat. Join our dynamic chatrooms and immerse yourself in a world of entertainment, laughter, and creativity. Discover Bollywood videos and indulge in the latest movie trailers, iconic dance sequences, and exclusive behind-the-scenes footage. Get your daily dose of entertainment and stay updated with the buzzing world of Hindi viral videos.

Join our lively Jokes Chatroom and share non-stop laughter. Engage in hilarious conversations, exchange funny anecdotes, and brighten your day with rib-tickling humor that will leave you in splits. Looking for the perfect Whatsapp status? Look no further! Explore our collection of curated status updates, from inspiring quotes to heartfelt messages, that reflect your mood and personality. Share your thoughts with your contacts directly from the app.

Step into our vibrant Generic Chatroom and connect with like-minded individuals from all walks of life. Engage in diverse discussions, share your opinions, and expand your horizons by connecting with people who have unique perspectives and experiences to offer. Unleash your generosity and surprise your friends with virtual gifts. Send tokens of appreciation, express your love, and make someone's day brighter with our collection of delightful and personalized virtual gifts in our chatrooms.

Explore a curated collection of romantic quotes, love poems, and heartfelt messages to express your affection and share your love with that special someone with romantic status. Join our Chatroom Hosts, where charismatic and talented individuals host live interactive sessions. Engage in conversations, ask questions, and be entertained by our talented hosts who bring energy and excitement to the chatroom experience.

Stay up-to-date with the latest trends and viral videos in our trending section. From funny clips to heartwarming stories, be the first to discover and share the most popular videos that are making waves across the internet. Download ShareChat now and dive into a world of entertainment, laughter, and viral sensations. Join our community and connect with millions who share your love for Bollywood, jokes, and trending videos."
19,com.litatom.app,Litmatch‚ÄîMake new friends,CONSTRUCT TECHNOLOGY,Social,3.7699115,"100,000,000+",0,"Litmatch is all about meeting new friends and beyond. 

Litmatch is a safe and warm community to share your honest thoughts and feelings. You can always encounter cool and caring people in Litmatch. People here can experience emotional communication comfortably through different online interactive features. Most of our users have become friends by taking the first moves inspired by Litmatch's impressive features.

üí¨  Meet New Friends in 1 Click
Litmatch empowers your encounter with a new friend. Whatever it is about 1-to-1 talk or group chatting, you can always find a place that suits you.

üì∑  Feel Comfortable to Share All Your Emotions
Join the conversations and share your honest thoughts and feelings. Whether they are ups or downs, there are always Litmatch pals who can deeply relate to your stories.

üåà Litmatch Community- We respect diversity and appreciate differences.
Litmatch cherishes warm, safe, and good vibes. And that's why we always promise you a community where people respect love, embrace differences, and communicate with no pressure. We do not tolerate any inappropriate behaviors or rudeness. 


‚ú®‚ú® ‚ú®   DISCOVER OUR AMAZING FEATURES ‚ú® ‚ú® ‚ú® 


üí¨  SOUL GAME- TEXT, LIKE, CONNECT!
Know your new friends with text conversation in real-time.
Create a new connection once both of you have liked each other.

üéô VOICE GAME- STAND OUT BY YOUR VOICE!
Have a brief voice call to know each other better.

 ü•≥  PARTY CHAT- GROUP CHATTING & GIFTS!
Share your talents and thoughts on the mic in a party room.
Receive warm support and interesting gifts from other people.

 üëÄ  FEED -  EXPLORE LIVES AROUND THE WORLD!
Explore people's lives from their texts, visuals, or even voice!
Share everything from your daily moments to life's highlights. 

üê∂  AVATAR- CREATIVITY & IDENTITY
Customize a cool or cute avatar to stand out from the crowds, to show your personality or taste or even, to present the connection between you and others!


‚ú® ‚ú® ‚ú® JOIN Litmatch NOW TO EXPLORE MORE SURPRISES ‚ú® ‚ú® ‚ú® 


Litmatch is free to download and use. However, we also offer an optional subscription package ( üëëLitmatch VIP Membership üëë ) and non-subscription, single and multi-use Litmatch-currency: DIAMOND. The price varies by country and may change without notice, but you can always see the exact price in the app.

We appreciate your feedback and suggestions, please contact us if you have any thoughts: lit@litatom.com"
20,com.jaumo,JAUMO Dating App: Chat & Date,Joyride GmbH,Social,4.474116,"50,000,000+",0,"<b>CHAT, MEET NEW PEOPLE LIVE & FIND FRIENDS! üíï </b>
Do you want to make new friends? Are you looking for a free dating app that works? There's a reason Jaumo has been downloaded over 50 million times! We're a free dating and social app not just for singles designed to help you meet new friends and enrich your social life. With Jaumo, you can make real connections with real people. Chat with local singles, find friends, meet LGBTQ people, and build authentic relationships.

<h1><b>A WORLD OF NEW FRIENDS: MEET NEW PEOPLE IN COMMUNITIES! üë©‚Äçü¶∞üë®‚Äçü¶±</b></h1>
Discover chat conversations you'd skip sleep for. Jaumo communities are interest groups that connect like-minded people locally, nationally, and globally. Through communities, you can chat, make new friends, become part of themed groups, and share your passions or interests with new friends across the country! Discover communities like: ""LGBTQ+"", ""Fitness Lovers"", ""Friends with Benefits"", ""Big is Beautiful,"" and many more to find new people who are into the same things as you. Chat inside the communities, talk live, and join chats with people nearby or from around the world. Find matches, and enjoy the excitement of flirting, meeting new people, or finding love. Find the perfect community for you, expand your social circle, and connect with people who truly understand you.

<h1><b>YOUR NEW MATCH IS JUST ONE DOWNLOAD AWAY! ‚≠êÔ∏è</b></h1>
At Jaumo, we provide a new dating and social experience. Through communities, you can meet people passionate about the same topics as you. By writing messages in the community chat or by sending a private message to someone you like, you can get in touch with new people and meet them in real life at our user-run community meet-ups. If you're looking for a date, you can use the match game to meet local singles, send text & voice messages, chat & flirt a little, and then meet them in real life when you feel confident and safe. Date, find new friends, love, and connect with people nearby. Meeting new people in real life has never been easier! üß°

üîí We prioritize your safety with a quick video verification process to ensure only real humans join our platform. It maintains integrity and gives peace of mind to members. ü•∞

<h1><b>JAUMO IS A FREE CHAT & DATING APP!</b></h1>
Meet local singles online in chats, flirt, find love, or make new friends without payment. Sign-up is simple and easy: join over 50 million singles and start chatting with your perfect match today. Jaumo is a free app, but you can access the very best Jaumo offers with an upgrade to our premium membership.

With our PREMIUM membership, you get incredible benefits such as instantly seeing who has liked you, unlimited likes to express your interest in other singles or friends, ad-free browsing, priority chat with new local singles, and unlimited filters to find your perfect match.

‚úÖ See who already liked you and match with other singles instantly
‚úÖ Get access to all premium communities
‚úÖ Get unlimited likes: Like as many singles as you want
‚úÖ Chat with new local singles before everyone else
‚úÖ Unlimited filters: Find your match by interests, hobbies, and more
‚úÖ Enjoy an ad-free experience

<h1><b>A FUN WAY OF DATING & MAKING FRIENDS! üéâ</b></h1>
Making friends, finding love, or building a relationship should be fun! Our social and dating app's detailed profiles allow you to find like-minded people, chat about common interests in a voice chat, flirt using voice messages, join your choice communities, and even organize meet-ups and events together. ü•≥ With Jaumo, you can be part of an open-minded and accepting online dating and online friendship experience. Join our community now!

üëâ¬†FOLLOW US AND STAY UPDATED:
https://instagram.com/jaumo
https://facebook.com/jaumo
https://www.tiktok.com/@jaumo

<i>Download JAUMO Dating - Match, Chat & Flirt with people in your area. Free Dating App for Singles. Meet People. Make New Friends, flirt & find love.</i>"
21,com.meetup,Meetup: Social Events & Groups,Meetup,Social,4.400731,"10,000,000+",0,"Pursue your interests with people who share them, both online and in person. With over 60 million members, Meetup helps you build a career network, discover a tech community, create a personal brand, make time for your hobbies, and meet friends who share similar interests. 

Easily meet people you know you‚Äôll get along with and create groups of friends that will be as excited as you to embrace your hobbies, participate in online or local events or engage in discussions. Download the Meetup app and host your own events or join one of the 100,000 Meetup events with new people happening every week. 

<font color=""#FF1054""><h3><b>Discover local and online events</b></h3></font>üë• Meet new people and get matched with over 330,000 groups and friends based on your network of interests, from tech conferences to free yoga and everything in-between
üó∫ Explore online or local events by category, search by keyword, or see what‚Äôs popular in your area with a map
üëç Save events you‚Äôre interested in and come back to  them later. Pick and choose the people and friends you want to meet at all the events that you like
üó£ Have discussions with the people you meet and use direct messaging to stay in touch with your new friends
üéà Meet  people who are interested in the same local or online events, create new groups of friends and expand your online network

<font color=""#FF1054""><h3><b>Start a group</b></h3></font>üëã Host your own events online and in person by creating a group on your favorite topic, and meet friends who wants to participate
üë§ Watch your community of friends and network of people grow as your group is recommended to interested people and potential new friends to meet
üóì Easily personalize and schedule events on-the-go, and manage your group from anywhere
üí¨ Keep the momentum going between events by sharing photos and using discussions and instant messaging to connect with the people and friends in your group that you are keen to meet

Get in touch with questions or suggestions: androiddev@meetup.com

In order to recommend Meetup events that are hosted by local groups, we use your device's precise location (GPS and network-based)."
22,com.bereal.ft,BeReal. Your friends for real.,BeReal,Social,4.612598,"10,000,000+",0,"BeReal is the simplest photo sharing app to share once a day your real life in photo with friends.

Every day at a different time, everyone captures a photo within 2 minutes.

Capture and post in time to discover what your Friends are up to.


CAMERA
‚Ä¢ The special BeReal camera is designed to take both a selfie and a frontal photo simultaneously.

DISCOVERY
‚Ä¢ Share your BeReal publicly and discover what other people are doing around you.

CHALLENGES.
‚Ä¢ Some days, the BeReal comes with a unique challenge.

COMMENTS
‚Ä¢ Comment on your friend's BeReal and chat with all their friends.

REALMOJIS
‚Ä¢ React on your friend's BeReal with a RealMoji, your own emojis representation.

MAP
‚Ä¢ See where your friends are in the world when they post their BeReal.

MEMORIES
‚Ä¢ Access your previous BeReal in an archive. 

WIDGETMOJI
‚Ä¢ See your friends right on your Home Screen when they react to your BeReal with a widget.

iMESSAGE REALMOJIS STICKERS
‚Ä¢ React with your RealMojis as stickers in your iMessage chats.

/!\ WARNING /!\
‚Ä¢ BeReal won't make you waste time.
‚Ä¢ BeReal is life, Real life, and this life is without filters. 
‚Ä¢ BeReal will challenge your creativity.
‚Ä¢ BeReal is your chance to show your friends who you really are, for once.
‚Ä¢ BeReal can be addictive.
‚Ä¢ BeReal might frustrate you.
‚Ä¢ BeReal won't make you famous. If you want to become an influencer you can stay on TikTok and Instagram.
‚Ä¢ BeReal doesn't care if you have millions of followers or if you're verified.
‚Ä¢ BeReal may cause accidents, especially if you are riding bikes.
‚Ä¢ BeReal is pronounced ‚ÄúBiRil‚Äù, not bereale, or B√®reol.
‚Ä¢ BeReal won‚Äôt let you cheat, you can try and if you manage to do so, come work with us.
‚Ä¢ BeReal doesn't send any of your private data to China.

Questions, ideas? We would love to hear what you think, and we could even integrate some of your ideas on BeReal."
23,co.yellw.yellowapp,Yubo: Make new friends,Twelve APP,Social,4.0698295,"10,000,000+",0,"Welcome to the Yubo Community! We‚Äôre a social platform where you can find new friends through live streaming and authentic interactions. All based on your own interests! Sounds good? It‚Äôs about to get better.

On Yubo, you can easily make friends ‚Äì whether it‚Äôs from your local community or across the world and go social in no time through live chat. 

BRAND NEW FEATURES ON YUBO:

YOUTUBE STREAM: Share more fun moments with your friends as you watch and listen to all of your favorite content directly from YouTube. You can now stream and share your favorite music videos, top vlogger, gaming content or even DIY videos. 

LENSES: In partnership with Snapchat, we can now present you Lenses! Turn on your camera and video chat to try on the new filters. Share your new look with friends or use them during a live! Lenses give a little bit of extra fun to friendship.

WHAT ELSE CAN YOU EXPECT? 

1) STREAM: Streaming is what we do! Here you can start a live video chat with up to 10 friends and even invite new potential friends to join you. Interact, sing, dance, talk about your day, send messages to the friends you love. 

2) CHAT: Use the chat feature to say hi to new people as well as reconnect with old ones. You can chat directly in the live streams or the people you‚Äôve added.

3) SWIPE: This function is to help you find like-minded people nearby or from all over the world. Check their Tags to figure out if they have similar interests. If yes, go live and start a conversation! 

4) FIND A COMMUNITY: Art, theater, beauty, yoga, sports, music, dance, travel, manga, cinema or LGBTQ+? Yubo helps you discover and connect with online friends and communities of all sorts, so you can focus on building friendships.

5) PLAY: Non-stop fun with our game To Be Honest (time to get real with this Q&A!), guessing pictures in our challenging drawing quiz, Would You Rather and Let Them Guess! 


We have updates every month with live games, new cool features, and much more.

You can contact us directly on Instagram (@yubo_app).

If you need our help, don't hesitate to visit our Help Center (https://support.yubo.live) or you can also contact us via Twitter (@AskYubo). We would love to hear your feedback to make Yubo even better!

Privacy Policy: https://www.yubo.live/legal/privacy-policy
Terms of Service: https://www.yubo.live/legal/terms-of-service"
24,com.clubhouse.app,Clubhouse,Alpha Exploration Co.,Social,4.083563,"10,000,000+",0,"Imagine a huuuge group voice note with all your friends on it.

You share a random thought and your best friend replies... then 2 minutes later another friend replies to both of you. Then your coworker replies to Kate, and they didn‚Äôt know each other before, but now they do, because they‚Äôre both friends with you, and now everybody‚Äôs talking.

And throughout the day new friends are saying hi, starting new chats, talking about what they‚Äôre doing, laughing and asking questions. And you‚Äôre hearing their voices, seeing who‚Äôs talking and joining in, and meeting their friends, and everybody‚Äôs getting to know each other better. And it‚Äôs good.

That‚Äôs what Clubhouse is.

It‚Äôs just voice. No follower counts or random people. Only your friends and their friends, in a place where you can all be yourselves and hang out like you do in real life. 

Because life is more fun with friends around."
25,co.benx.weverse,Weverse,WEVERSE COMPANY Inc.,Social,4.6986036,"10,000,000+",0,"‚ñ† A Community for Fans and Artists
¬∑ Check out the daily moments of the artists and leave comments and cheers. 
¬∑ Want to know what other fans from other countries are saying? Use the auto-translation feature to overcome the language barrier! Posts and comments by artists can also be translated as well.

‚ñ† Communicate in Real-Time on Weverse LIVE
¬∑ Watch the artists stream on Weverse LIVE!
¬∑ Send chat messages and hearts in real-time on your favorite artists' streams! 

‚ñ† Get Closer with Your Favorite Artists on Weverse DM
¬∑ Subscribe to Weverse DM, where you can get private messages from artists! 
¬∑ Use Jelly, a digital currency you can purchase on Weverse, to subscribe.

‚ñ† Tell Them How You Really Feel with Heartfelt Fan Letters
¬∑ Write and decorate fan letters to send your love and support to your favorite artists on Weverse.
¬∑ Unleash your creativity and try out various templates and decoration features offered by the fan letter editor.

‚ñ† Track Your Community Milestones with Collection
¬∑ Find out the badges you've earned for your community activities and the badges you can earn in Collection. 
¬∑ You can earn badges by completing missions. The missions and badges available at each community will be different.

‚ñ† Diverse and Exclusive Media Content
¬∑ Everything from official content to Weverse-exclusive media content!
¬∑ Watch a wide range of media content on Weverse with subtitles!

‚ñ† Official Membership, Membership-Only Content and Benefits
¬∑ Enjoy the perks and exclusive content open only to official membership holders!

[Required Access]
- Device, device ID, app activities: For checking app errors and improving usability
- Camera: For taking photos and videos, and logging in through QR code scan
- Photos/Media/Files: For uploading profile images, attaching photos to posts, and submitting tickets to Customer Service
- Bluetooth/Location: For connecting to Bluetooth light sticks, and for using Weverse Queues

[Get Closer with Weverse]
- Twitter: @Weverseofficial
- Instagram: @weverseofficial
- YouTube: @Weverse
- TikTok: @weverseofficial

[Subscriptions on Weverse]
‚ñ∑ Weverse offers two monthly subscription services: [BTS behind] and [TXT behind].
[BTS behind] monthly subscription: $2.99
[TXT behind] monthly subscription: $2.99

Terms of Use: https://weverse.io/policies/terms
Privacy Policy: https://weverse.io/policies/privacy
Inquiry: support@weverse.io
Customer Service: 1544-0790 (Available only in South Korea)"
26,com.nextdoor,Nextdoor: Neighborhood network,Nextdoor.com,Lifestyle,4.493515,"10,000,000+",0,"Nextdoor is used by nearly 1 in 3 households in the U.S. and is in more than 290,000 neighborhoods worldwide.

Meet neighbors with shared interests, discover new places nearby, and get recommendations for local businesses. Buy, sell, and offer up used items on For Sale & Free, your local marketplace on Nextdoor. Join groups with friends and get the most from your neighborhood.

Discuss local events and upcoming changes in the neighborhood with your neighbors. Follow local news with Nextdoor and stay informed about what‚Äôs going on in your community. Home services, such as childcare and house sitting, can be accessed through the app with ease. Support your community, organize a local meet with parents, and bond over shared interests.

Offer local services, share recommendations, or welcome the new kids on the block. Discover local gems and explore your neighborhood with Nextdoor, regardless of how long you‚Äôve lived there.

From group events to block parties, enjoy the local offerings in your community. Meet and connect with your neighbors on Nextdoor.

WHAT MAKES NEXTDOOR THE APP FOR NEIGHBORHOODS

Stay Connected with your Community

‚Ä¢ Local news and events‚Äîread up on all the neighborhood happenings
‚Ä¢ Connect easily with your neighbors, local businesses, and public agencies
‚Ä¢ Free stuff and great offers await‚Äîmake use of items your neighbors no longer need
‚Ä¢ Yard sales, group events, or local potlucks‚Äîexplore your community
‚Ä¢ Meet your neighbors so you can finally call that kind man down the street by name

See What's Happening Nearby

‚Ä¢ Find local events like cookouts, arts festivals, and community activities
‚Ä¢ Used furniture, clothes, and cars‚Äîbuy, sell, and trade goods
‚Ä¢ Nearby garage sales and clothing swaps let you find affordable gems
‚Ä¢ Nextdoor‚Äôs local marketplace makes it easy to help a neighbor in need
‚Ä¢ Get recommendations for restaurants and shops near you

Find Home Services & Deals

‚Ä¢ Home cleaning, house sitting and more‚Äîdiscover dependable services nearby
‚Ä¢ Hire a handyman or plumber easily and fill your home repair needs
‚Ä¢ Find a babysitter or recommend a trusted nanny to your neighbor
‚Ä¢ Dog walker or dog sitter‚Äîlocate the best care for your furry friend
‚Ä¢ Support local business and enjoy the perks of a tight-knit community
‚Ä¢ Access local sales and find deals and discounts in your area

Download Nextdoor and connect with communities you love.

HEAR WHAT NEIGHBORS HAVE TO SAY ABOUT NEXTDOOR

‚ÄúBefore Nextdoor, I didn‚Äôt know there were several qualified babysitters living nearby and looking for work. It was easy to feel comfortable hiring my neighbor‚Äôs daughter to watch my son after school.‚Äù - Patrick, Mission East

‚ÄúThis year for Spring Cleaning, we wanted to sell old appliances, tools, clothing and electronics on Nextdoor For Sale & Free. In no time, our neighbors stopped by to make a deal and take things off our hands. It was easier than anything else, and it feels good knowing our old stuff has found a new home in the neighborhood.‚Äù - Dan, Hayes Valley

OUR PURPOSE

At Nextdoor, our purpose is to cultivate a kinder world where everyone has a neighborhood they can rely on.

YOUR PRIVACY

Nextdoor is built on trust ‚Äî we ensure you‚Äôre connected to <b>real people</b> in the neighborhoods that matter to you. Nextdoor requires all neighbors to sign up with their real name and address. We then partner with trusted vendors to confirm you‚Äôre a verified neighbor.

Connect with us:

https://www.facebook.com/nextdoor
https://twitter.com/nextdoor
https://instagram.com/nextdoor

Continued use of Location Services running in the background can dramatically decrease battery life. Nextdoor doesn't run Location Services in the background unless you give us permission by turning on optional features that require it.

Terms: nextdoor.com/member_agreement

Privacy: nextdoor.com/privacy_policy

California ""‚ÄùDo Not Sell My Information"""" Notice: www.nextdoor.com/do_not_sell"
27,com.plato.android,Plato - Games & Group Chats,Plato Team Inc.,Social,4.52739,"10,000,000+",0,"You just found Plato! We‚Äôre the best place for you to chat & play over 45 games with friends or someone new. Lots of people near you use Plato to find fun and make new friends, so you‚Äôll be in good company.

<b>Over 45 Group Games</b>

Yep, that‚Äôs right. Plato has over 45 free multiplayer games (that are actually good and without pay-to-win gimmicks) including: 

Ocho 8Ô∏è‚É£, Pool üé±, Table Soccer ‚öΩ, Werewolf (Mafia) üê∫, Ludo üü†, Bowling üé≥, Mini Golf üèåÔ∏è, Darts üéØ,  4 in a Row ‚≠ï, Skeeball üï≥Ô∏è, Match Monsters üíé, Plox üëæ, Chess ‚ôüÔ∏è, Backgammon ‚ö™, Checkers üèÅ, Basketball üèÄ, Archery, Cup Pong, Draw Together, Dice Party üé≤, Dominoes ‚óªÔ∏è, Gin Rummy ‚ô¶Ô∏è, Sea Battle üõ•Ô∏è, Go Fish üé£, Dots & Boxes ‚òëÔ∏è, Bingo üÖ±Ô∏è, Minesweepers üí£, Reversi ‚ö´, Literati üî†, Go ‚òØÔ∏è and many more.

We‚Äôre adding new games all the time, too.

<b>No Ads & Private by Design</b>

Everyone hates annoying ads, so we just don't have them. 

We also believe that your data is your own. That‚Äôs also why we don‚Äôt ask for an e-mail address or phone number to signup for Plato. Plus, your 1:1 conversations don‚Äôt get stored on our servers once they get delivered so they're actually private.

<b>Get Together in Groups</b>

Plato makes it easy to gather a group of up to 250 friends to play and chat together. You‚Äôll never miss a message with real-time notifications either.

<b>Find Competition</b>

Get paired up with another real person using our matchmaking system or join one of many weekly tournaments. If you‚Äôre good enough, you can climb the leaderboards while you level up in your favorite games or earn Coins to spend in the Shop.

<b>Make Friends</b>

Tens of thousands of people are online right now and Plato makes it easy to find new friends through any of our dozens of public chat rooms. Breaking the ice is easy with friendly games.


Now it‚Äôs time to stop reading and start playing and chatting together. Install Plato for free and let the good times get going.

Have a question? E-mail us at hello@platoapp.com, we‚Äôd love to hear from you."
28,com.imvu.mobilecordova,IMVU: Social Chat & Avatar app,"IMVU, Inc.",Social,4.4646893,"10,000,000+",0,"Create your own avatar, meet new people, enter a virtual chat room with friends, and play together in the world‚Äôs largest social experience. Create your own 3D avatar life like no other. Join millions of people and play online in a 3D virtual world. Socialize and chat with friends new and old for endless metaverse fun on the world‚Äôs largest avatar app, IMVU.

With over 60 million virtual items to choose from, your 3D avatar can be truly yours. Create an avatar and stand out in a world of virtual people, expressing yourself through countless clothing and accessory options of avatar fashion. Meet new friends and live virtually through your personalized avatar. Join a chat room, go on a virtual date, host a virtual party, and give social networking new meaning in this vast metaverse. It‚Äôs all possible when you download IMVU and start your avatar creator journey today.

IMVU is more than an avatar maker and life simulator, it‚Äôs a virtual world filled with fun and opportunity. Customize your avatar, hop into a world chat room, and play together with millions of users online. IMVU is your virtual social club to meet, find friends and socialize in a 3D metaverse experience made for you.

Download today and create an avatar to connect with players all over the world in this fun and immersive virtual social life simulator.

üë© THE ULTIMATE 3D AVATAR CREATOR
- Create your own avatar to your liking with endless customization options
- Express yourself with different clothing, chat room, and accessory items
- Explore virtual avatar fashion without limits with over 60 million digital goods for your virtual friend

üíë EXPERIENCE A VIRTUAL LIFE WITH AVATARS
- Make an avatar and build your own virtual social life when you meet new people
- Make friends, host virtual parties, go on a virtual date, & more with virtual people from all over the world
- Hop into online avatar games with friends in an immersive 3D social network and virtual life game

üßë WORLDWIDE VIRTUAL CHAT ROOMS 
- Take your friendships to a new level in IMVU‚Äôs life simulator
- Engage in 3D avatar chat rooms with friends using your personal animated WithMoji
- Socialize with other players and their avatars in online chat rooms and make new friends

IMVU is your portal to a fun and immersive 3D virtual world ready to be explored. Create an avatar, meet new people, make new friends, explore different online chat rooms, and hop into the world‚Äôs largest virtual social network today. Download IMVU free and get started!"
29,com.truthsocial.android.app,Truth Social,T Media Tech LLC,Social,3.739521,"1,000,000+",0,"The #1 free-speech social media platform is now available as a native Android app!

In the year 2021, the media pendulum has swung dangerously far to the left. Silicon Valley, the mainstream media, and Big Tech have begun to forcibly silence voices that do not align with their woke ideology. Big Tech platforms demonetize, throttle, and cancel those who stray from the mainstream narrative. They are not just censoring content ‚Äì they are determining what can and cannot be said. By controlling how information is shared, they control the narrative. They control the future. They control you.

To counter this dangerous exercise of Big Tech monopoly power, Truth Social intends to even the playing field by providing people with an open media platform where they can share and create content without fear of reputational ruin.

No political discrimination.
Canceling cancel culture.
Standing up to Big Tech.

Join us.

Key Features

Profile - Express your unique personality by setting up a profile, avatar, and background. Begin to track your personal connections through follower and following counts as well as history for your posts and likes.

Truth Feed - Get the scoop on the latest thoughts and activities from the people, organizations, and news outlets that interest you. The Truth Feed contains posts from all those you follow brought to life with the help of thumbnail photos, links, and more.

Compose Truths - Let your voice be heard. Sign up, join the conversation, and share your unique opinion by posting a Truth, Re-Truth, photo, news story, poll or video link to communicate with your friends, customers, and the world. Stay informed about breaking news while staying directly connected with the people who influence you ‚Äì don't be shocked if they take your Truth viral!

Search - Truth Social really starts to become interesting as you connect with others. Search for a voice that you find interesting and easily follow them right from the search list or view their profile first before deciding.

Direct Messages - Take your conversations private by direct messaging your followers for 1-on-1 chats! Set messages to auto-delete after 7, 14, 30, or 90 days on a per-chat basis. Silence push notifications for all chats or on a per-chat basis. You can also turn off the ability for those you follow to DM you (in your Preferences) as well as block users, copy, delete and report messages.

Polls ‚Äì Create polls to get feedback on a question you may have.

Notifications - Stay engaged as you build a following. See who's following you and who's interacting with your Truths."
